seconds,rpm,speed_mps,boost_bar,turbo_speed,throttle,shaft_nm,afr,oil_c,oil_bar,engine_health,blower_kw
0.05,869.6,0.000,0.0000,0.0000,0.2684,23.67,14.70,90.02,1.49,100.000,0.000
0.10,912.9,0.000,0.0000,0.0000,0.4647,40.36,14.70,90.05,1.52,100.000,0.000
0.15,973.1,0.001,0.0000,0.0000,0.6084,53.91,14.70,90.08,1.57,100.000,0.000
0.20,1022.8,0.027,0.0000,0.0000,0.7135,67.99,14.70,90.11,1.61,100.000,0.000
0.25,1058.0,0.083,0.0000,0.0000,0.7904,78.91,14.70,90.15,1.64,100.000,0.000
0.30,1083.5,0.162,0.0000,0.0000,0.8466,87.11,14.70,90.19,1.66,100.000,0.000
0.35,1102.1,0.257,0.0000,0.0000,0.8878,93.24,14.70,90.23,1.68,100.000,0.000
0.40,1115.8,0.363,0.0000,0.0000,0.9179,97.79,14.70,90.27,1.69,100.000,0.000
0.45,1125.9,0.479,0.0000,0.0000,0.9399,101.16,14.70,90.32,1.70,100.000,0.000
0.50,1133.4,0.601,0.0000,0.0000,0.9561,103.66,14.70,90.36,1.71,100.000,0.000
0.55,1138.9,0.728,0.0000,0.0000,0.9679,105.50,14.70,90.40,1.71,100.000,0.000
0.60,1143.0,0.858,0.0000,0.0000,0.9765,106.85,14.70,90.45,1.71,100.000,0.000
0.65,1146.0,0.991,0.0000,0.0000,0.9828,107.84,14.70,90.49,1.72,100.000,0.000
0.70,1148.2,1.125,0.0000,0.0000,0.9874,108.57,14.70,90.54,1.72,100.000,0.000
0.75,1149.9,1.262,0.0000,0.0000,0.9908,109.11,14.70,90.58,1.72,100.000,0.000
0.80,1151.0,1.399,0.0000,0.0000,0.9933,109.50,14.70,90.62,1.72,100.000,0.000
0.85,1151.9,1.537,0.0000,0.0000,0.9951,109.79,14.70,90.67,1.72,100.000,0.000
0.90,1152.6,1.675,0.0000,0.0000,0.9964,110.00,14.70,90.71,1.72,100.000,0.000
0.95,1153.0,1.814,0.0000,0.0000,0.9974,110.15,14.70,90.76,1.72,100.000,0.000
1.00,1153.4,1.953,0.0000,0.0000,0.9981,110.26,14.70,90.80,1.72,100.000,0.000
1.05,1153.6,2.093,0.0000,0.0000,0.9986,110.35,14.70,90.84,1.72,100.000,0.000
1.10,1153.8,2.232,0.0000,0.0000,0.9990,110.41,14.70,90.89,1.72,100.000,0.000
1.15,1153.9,2.372,0.0000,0.0000,0.9992,110.45,14.70,90.93,1.72,100.000,0.000
1.20,1154.0,2.512,0.0000,0.0000,0.9994,110.48,14.70,90.98,1.72,100.000,0.000
1.25,1154.1,2.651,0.0000,0.0000,0.9996,110.51,14.70,91.02,1.72,100.000,0.000
1.30,1154.2,2.791,0.0000,0.0000,0.9997,110.52,14.70,91.06,1.72,100.000,0.000
1.35,1157.0,2.928,0.0000,0.0000,0.9998,110.54,14.70,91.11,1.72,100.000,0.000
1.40,1191.5,3.033,0.0000,0.0000,0.9998,112.21,14.70,91.15,1.75,100.000,0.000
1.45,1231.0,3.136,0.0000,0.0000,0.9999,114.56,14.70,91.19,1.78,100.000,0.000
1.50,1271.4,3.240,0.0000,0.0000,0.9999,116.98,14.70,91.24,1.81,100.000,0.000
1.55,1312.7,3.347,0.0000,0.0000,0.9999,119.45,14.70,91.28,1.84,100.000,0.000
1.60,1354.9,3.457,0.0000,0.0000,1.0000,121.97,14.70,91.32,1.88,100.000,0.000
1.65,1398.0,3.569,0.0000,0.0000,1.0000,124.54,14.70,91.37,1.91,100.000,0.000
1.70,1442.0,3.683,0.0000,0.0000,1.0000,127.18,14.70,91.41,1.94,100.000,0.000
1.75,1487.0,3.800,0.0000,0.0000,1.0000,129.86,14.70,91.45,1.98,100.000,0.000
1.80,1532.8,3.919,0.0000,0.0000,1.0000,131.95,14.70,91.50,2.02,100.000,0.000
1.85,1578.7,4.040,0.0000,0.0000,1.0000,133.30,14.70,91.54,2.05,100.000,0.000
1.90,1625.1,4.162,0.0000,0.0000,1.0000,134.66,14.70,91.58,2.09,100.000,0.000
1.95,1672.0,4.285,0.0000,0.0000,1.0000,136.04,14.70,91.62,2.13,100.000,0.000
2.00,1719.4,4.410,0.0000,0.0000,1.0000,137.43,14.70,91.67,2.17,100.000,0.000
2.05,1767.2,4.536,0.0000,0.0000,1.0000,138.83,14.70,91.71,2.20,100.000,0.000
2.10,1815.6,4.664,0.0000,0.0000,1.0000,140.25,14.70,91.75,2.24,100.000,0.000
2.15,1864.5,4.792,0.0000,0.0000,1.0000,141.69,14.70,91.79,2.28,100.000,0.000
2.20,1913.9,4.922,0.0000,0.0000,1.0000,143.14,14.70,91.84,2.32,100.000,0.000
2.25,1963.8,5.054,0.0000,0.0000,1.0000,144.60,14.70,91.88,2.36,100.000,0.000
2.30,2014.2,5.187,0.0000,0.0000,1.0000,146.08,14.70,91.92,2.40,100.000,0.000
2.35,2065.2,5.321,0.0000,0.0000,1.0000,147.57,14.70,91.96,2.44,100.000,0.000
2.40,2116.6,5.456,0.0000,0.0000,1.0000,149.08,14.70,92.01,2.48,100.000,0.000
2.45,2168.7,5.593,0.0000,0.0000,1.0000,150.61,14.70,92.05,2.52,100.000,0.000
2.50,2221.2,5.732,0.0000,0.0000,1.0000,152.15,14.70,92.09,2.57,100.000,0.000
2.55,2274.3,5.872,0.0000,0.0000,1.0000,153.71,14.70,92.13,2.61,100.000,0.000
2.60,2328.0,6.013,0.0000,0.0000,1.0000,155.29,14.70,92.17,2.65,100.000,0.000
2.65,2382.2,6.156,0.0000,0.0000,1.0000,156.88,14.70,92.21,2.69,100.000,0.000
2.70,2437.0,6.300,0.0000,0.0000,1.0000,158.48,14.70,92.26,2.74,100.000,0.000
2.75,2492.3,6.446,0.0000,0.0000,1.0000,160.11,14.70,92.30,2.78,100.000,0.000
2.80,2548.1,6.593,0.0000,0.0000,1.0000,161.46,14.70,92.34,2.83,100.000,0.000
2.85,2604.3,6.742,0.0000,0.0000,1.0000,162.64,14.70,92.38,2.87,100.000,0.000
2.90,2660.8,6.891,0.0000,0.0000,1.0000,163.82,14.70,92.42,2.92,100.000,0.000
2.95,2717.8,7.042,0.0000,0.0000,1.0000,165.02,14.70,92.46,2.96,100.000,0.000
3.00,2775.2,7.194,0.0000,0.0000,1.0000,166.22,14.70,92.50,3.01,100.000,0.000
3.05,2833.0,7.346,0.0000,0.0013,1.0000,167.43,14.70,92.54,3.05,100.000,0.000
3.10,2891.2,7.500,0.0000,0.0071,1.0000,168.66,14.70,92.59,3.10,100.000,0.000
3.15,2949.8,7.656,0.0001,0.0153,1.0000,169.90,14.70,92.63,3.15,100.000,0.000
3.20,3008.9,7.812,0.0003,0.0252,1.0000,171.16,14.70,92.67,3.20,100.000,0.000
3.25,3068.5,7.969,0.0007,0.0363,1.0000,172.47,14.70,92.71,3.24,100.000,0.000
3.30,3128.5,8.128,0.0013,0.0485,1.0000,173.83,14.70,92.75,3.29,100.000,0.000
3.35,3189.1,8.288,0.0024,0.0615,1.0000,175.25,14.70,92.79,3.34,100.000,0.000
3.40,3250.2,8.449,0.0038,0.0752,1.0000,176.76,14.70,92.83,3.39,100.000,0.000
3.45,3311.8,8.612,0.0058,0.0896,1.0000,178.35,14.70,92.87,3.44,100.000,0.000
3.50,3374.1,8.776,0.0084,0.1044,1.0000,180.05,14.70,92.91,3.49,100.000,0.000
3.55,3437.0,8.942,0.0116,0.1197,1.0000,181.87,14.70,92.95,3.54,100.000,0.000
3.60,3500.6,9.109,0.0154,0.1354,1.0000,183.81,14.70,92.99,3.59,100.000,0.000
3.65,3564.7,9.278,0.0200,0.1514,1.0000,185.21,14.70,93.03,3.64,100.000,0.000
3.70,3629.1,9.449,0.0254,0.1677,1.0000,186.52,14.70,93.07,3.69,100.000,0.000
3.75,3694.0,9.620,0.0315,0.1843,1.0000,187.97,14.70,93.12,3.74,100.000,0.000
3.80,3759.5,9.793,0.0385,0.2010,1.0000,189.55,14.70,93.16,3.79,100.000,0.000
3.85,3825.7,9.968,0.0463,0.2179,1.0000,191.27,14.70,93.20,3.85,100.000,0.000
3.90,3892.5,10.144,0.0550,0.2350,1.0000,193.14,14.70,93.24,3.90,100.000,0.000
3.95,3960.0,10.322,0.0646,0.2521,1.0000,195.16,14.70,93.28,3.95,100.000,0.000
4.00,4028.4,10.502,0.0750,0.2694,1.0000,197.34,14.70,93.32,4.01,100.000,0.000
4.05,4097.5,10.683,0.0863,0.2868,1.0000,199.66,12.20,93.36,4.06,100.000,0.000
4.10,4167.6,10.867,0.0985,0.3042,1.0000,202.15,12.20,93.41,4.12,100.000,0.000
4.15,4238.6,11.054,0.1116,0.3217,1.0000,204.80,12.20,93.45,4.18,100.000,0.000
4.20,4310.7,11.243,0.1256,0.3392,1.0000,207.60,12.20,93.49,4.23,100.000,0.000
4.25,4383.8,11.434,0.1405,0.3567,1.0000,210.58,12.20,93.53,4.29,100.000,0.000
4.30,4458.0,11.628,0.1562,0.3743,1.0000,213.72,12.20,93.58,4.35,100.000,0.000
4.35,4533.4,11.826,0.1729,0.3919,1.0000,216.86,12.20,93.62,4.41,100.000,0.000
4.40,4609.6,12.025,0.1905,0.4095,1.0000,219.50,12.20,93.66,4.47,100.000,0.000
4.45,4686.7,12.228,0.2089,0.4271,1.0000,222.27,12.20,93.71,4.53,100.000,0.000
4.50,4764.8,12.433,0.2282,0.4447,1.0000,225.17,12.20,93.75,4.60,100.000,0.000
4.55,4844.1,12.641,0.2484,0.4623,1.0000,228.21,12.20,93.80,4.66,100.000,0.000
4.60,4924.4,12.851,0.2694,0.4799,1.0000,231.38,12.20,93.84,4.72,100.000,0.000
4.65,5006.0,13.065,0.2914,0.4975,1.0000,234.67,12.20,93.89,4.79,100.000,0.000
4.70,5088.7,13.281,0.3141,0.5150,1.0000,238.09,12.20,93.94,4.85,100.000,0.000
4.75,5172.7,13.501,0.3378,0.5325,1.0000,241.64,12.20,93.98,4.92,100.000,0.000
4.80,5258.0,13.724,0.3622,0.5501,1.0000,245.31,12.20,94.03,4.99,100.000,0.000
4.85,5344.7,13.951,0.3875,0.5676,1.0000,249.10,12.20,94.08,5.06,100.000,0.000
4.90,5432.7,14.181,0.4137,0.5850,1.0000,253.01,12.20,94.13,5.13,100.000,0.000
4.95,5522.2,14.415,0.4405,0.6019,1.0000,257.02,12.20,94.18,5.20,100.000,0.000
5.00,5612.6,14.652,0.4676,0.6182,1.0000,260.28,12.20,94.23,5.27,100.000,0.000
5.05,5704.1,14.892,0.4948,0.6338,1.0000,263.50,12.20,94.28,5.34,100.000,0.000
5.10,5796.7,15.135,0.5220,0.6487,1.0000,266.67,12.20,94.33,5.42,100.000,0.000
5.15,5890.3,15.381,0.5490,0.6631,1.0000,269.75,12.20,94.38,5.49,100.000,0.000
5.20,5884.0,15.638,0.5756,0.6768,1.0000,273.37,12.20,94.44,5.53,100.000,0.000
5.25,5782.2,15.903,0.6019,0.6900,1.0000,278.78,12.20,94.49,5.45,100.000,0.000
5.30,5687.1,16.168,0.6277,0.7026,1.0000,284.07,12.20,94.54,5.37,100.000,0.000
5.35,5598.6,16.433,0.6530,0.7148,1.0000,289.24,12.20,94.60,5.30,100.000,0.000
5.40,5516.4,16.697,0.6778,0.7264,1.0000,294.27,12.20,94.65,5.23,100.000,0.000
5.45,5440.2,16.962,0.7021,0.7376,1.0000,298.74,12.20,94.71,5.17,100.000,0.000
5.50,5369.2,17.226,0.7258,0.7483,1.0000,302.76,12.20,94.76,5.11,100.000,0.000
5.55,5303.1,17.490,0.7487,0.7581,1.0000,306.64,12.20,94.82,5.06,100.000,0.000
5.60,5241.8,17.754,0.7706,0.7670,1.0000,310.34,12.20,94.88,5.01,100.000,0.000
5.65,5184.9,18.018,0.7912,0.7751,1.0000,313.83,12.20,94.93,4.96,100.000,0.000
5.70,5132.3,18.282,0.8105,0.7824,1.0000,317.09,12.20,94.99,4.92,100.000,0.000
5.75,5083.5,18.545,0.8284,0.7889,1.0000,320.13,12.20,95.05,4.88,100.000,0.000
5.80,5038.4,18.809,0.8449,0.7948,1.0000,322.93,12.20,95.11,4.84,100.000,0.000
5.85,4996.7,19.072,0.8600,0.8001,1.0000,325.51,12.20,95.17,4.81,100.000,0.000
5.90,4958.0,19.335,0.8739,0.8049,1.0000,327.86,12.20,95.23,4.77,100.000,0.000
5.95,4922.1,19.598,0.8864,0.8091,1.0000,330.01,12.20,95.29,4.74,100.000,0.000
6.00,4888.7,19.861,0.8978,0.8128,1.0000,331.95,12.20,95.35,4.72,100.000,0.000
6.05,4857.7,20.123,0.9081,0.8161,1.0000,333.71,12.20,95.41,4.69,100.000,0.000
6.10,4828.7,20.385,0.9173,0.8190,1.0000,335.30,12.20,95.47,4.67,100.000,0.000
6.15,4801.6,20.648,0.9255,0.8216,1.0000,336.71,12.20,95.53,4.65,100.000,0.000
6.20,4776.1,20.910,0.9328,0.8237,1.0000,337.98,12.20,95.59,4.63,100.000,0.000
6.25,4796.3,21.144,0.9392,0.8257,1.0000,339.00,12.20,95.65,4.63,100.000,0.000
6.30,4843.6,21.363,0.9452,0.8279,1.0000,339.78,12.20,95.71,4.67,100.000,0.000
6.35,4891.7,21.582,0.9510,0.8305,1.0000,340.53,12.20,95.77,4.70,100.000,0.000
6.40,4939.9,21.801,0.9571,0.8334,1.0000,341.32,12.20,95.83,4.74,100.000,0.000
6.45,4988.2,22.020,0.9634,0.8365,1.0000,342.15,12.20,95.89,4.78,100.000,0.000
6.50,5036.7,22.240,0.9703,0.8400,1.0000,343.07,12.20,95.95,4.82,100.000,0.000
6.55,5085.3,22.460,0.9777,0.8437,1.0000,344.06,12.20,96.01,4.86,100.000,0.000
6.60,5134.1,22.681,0.9857,0.8477,1.0000,345.15,12.20,96.07,4.90,100.000,0.000
6.65,5183.0,22.902,0.9943,0.8519,1.0000,346.33,12.20,96.13,4.94,100.000,0.000
6.70,5232.2,23.125,1.0035,0.8564,1.0000,347.60,12.20,96.19,4.98,100.000,0.000
6.75,5281.5,23.347,1.0132,0.8610,1.0000,348.97,12.20,96.25,5.02,100.000,0.000
6.80,5331.1,23.571,1.0236,0.8659,1.0000,350.42,12.20,96.31,5.05,100.000,0.000
6.85,5380.9,23.796,1.0345,0.8710,1.0000,351.97,12.20,96.38,5.09,100.000,0.000
6.90,5431.0,24.021,1.0460,0.8762,1.0000,353.60,12.20,96.44,5.13,100.000,0.000
6.95,5481.3,24.247,1.0578,0.8813,1.0000,355.28,12.20,96.50,5.17,100.000,0.000
7.00,5531.7,24.474,1.0697,0.8861,1.0000,356.74,12.20,96.56,5.22,100.000,0.000
7.05,5444.7,24.290,0.4310,0.8870,0.7316,176.85,12.20,96.61,5.18,100.000,0.000
7.10,5341.0,24.032,0.1736,0.8824,0.5353,97.72,12.20,96.63,5.09,100.000,0.000
7.15,5249.1,23.727,0.0700,0.8730,0.3916,55.37,14.70,96.65,5.02,100.000,0.000
7.20,5161.3,23.395,0.0282,0.8597,0.2865,29.07,14.70,96.67,4.95,100.000,0.000
7.25,5075.1,23.046,0.0114,0.8434,0.2096,11.29,14.70,96.68,4.88,100.000,0.000
7.30,4989.5,22.687,0.0046,0.8247,0.1534,-1.20,14.70,96.69,4.81,100.000,0.000
7.35,4904.3,22.319,0.0018,0.8043,0.1122,-10.11,14.70,96.69,4.74,100.000,0.000
7.40,4819.4,21.947,0.0007,0.7825,0.0821,-16.48,14.70,96.70,4.67,100.000,0.000
7.45,4734.6,21.570,0.0003,0.7599,0.0601,-21.02,14.70,96.70,4.60,100.000,0.000
7.50,4650.0,21.191,0.0001,0.7366,0.0439,-24.22,14.70,96.71,4.54,100.000,0.000
7.55,4565.5,20.810,0.0000,0.7130,0.0321,-26.46,14.70,96.71,4.47,100.000,0.000
7.60,4481.2,20.428,0.0000,0.6894,0.0235,-27.99,14.70,96.71,4.40,100.000,0.000
7.65,4397.0,20.045,0.0000,0.6658,0.0172,-29.01,14.70,96.71,4.33,100.000,0.000
7.70,4313.0,19.661,0.0000,0.6424,0.0126,-29.65,14.70,96.72,4.27,100.000,0.000
7.75,4229.1,19.278,0.0000,0.6193,0.0092,-30.01,14.70,96.72,4.20,100.000,0.000
7.80,4145.2,18.894,0.0000,0.5966,0.0067,-30.16,14.70,96.72,4.13,100.000,0.000
7.85,4061.5,18.511,0.0000,0.5744,0.0049,-30.17,14.70,96.72,4.07,100.000,0.000
7.90,3977.9,18.128,0.0000,0.5528,0.0036,-30.06,14.70,96.73,4.00,100.000,0.000
7.95,3894.4,17.745,0.0000,0.5317,0.0026,-29.88,14.70,96.73,3.93,100.000,0.000
8.00,3811.1,17.362,0.0000,0.5112,0.0019,-29.64,14.70,96.73,3.87,100.000,0.000
8.05,3727.8,16.980,0.0000,0.4913,0.0014,-29.36,14.70,96.73,3.80,100.000,0.000
8.10,3644.6,16.598,0.0000,0.4721,0.0010,-29.05,14.70,96.74,3.73,100.000,0.000
8.15,3561.5,16.217,0.0000,0.4535,0.0008,-28.72,14.70,96.74,3.67,100.000,0.000
8.20,3478.5,15.836,0.0000,0.4355,0.0006,-28.37,14.70,96.74,3.60,100.000,0.000
8.25,3395.7,15.455,0.0000,0.4182,0.0004,-28.02,14.70,96.74,3.53,100.000,0.000
8.30,3622.3,14.771,0.0000,0.4015,0.0003,-28.74,14.70,96.75,3.65,100.000,0.000
8.35,3847.6,14.088,0.0000,0.3855,0.0002,-29.82,14.70,96.75,3.83,100.000,0.000
8.40,4071.5,13.404,0.0000,0.3701,0.0002,-30.89,14.70,96.75,4.01,100.000,0.000
8.45,4294.1,12.721,0.0000,0.3554,0.0001,-31.95,14.70,96.75,4.19,100.000,0.000
8.50,4498.3,12.056,0.0000,0.3412,0.0001,-33.00,14.70,96.75,4.37,100.000,0.000
8.55,4416.6,11.690,0.0000,0.3275,0.0001,-32.94,14.70,96.76,4.36,100.000,0.000
8.60,4296.5,11.366,0.0000,0.3144,0.0000,-32.38,14.70,96.76,4.26,100.000,0.000
8.65,4175.8,11.042,0.0000,0.3017,0.0000,-31.81,14.70,96.76,4.16,100.000,0.000
8.70,4055.3,10.720,0.0000,0.2896,0.0000,-31.25,14.70,96.76,4.07,100.000,0.000
8.75,3935.1,10.398,0.0000,0.2779,0.0000,-30.68,14.70,96.76,3.97,100.000,0.000
8.80,3815.1,10.076,0.0000,0.2666,0.0000,-30.12,14.70,96.77,3.88,100.000,0.000
8.85,3695.3,9.755,0.0000,0.2558,0.0000,-29.55,14.70,96.77,3.78,100.000,0.000
8.90,3575.8,9.435,0.0000,0.2455,0.0000,-28.99,14.70,96.77,3.68,100.000,0.000
8.95,3456.5,9.115,0.0000,0.2355,0.0000,-28.43,14.70,96.77,3.59,100.000,0.000
9.00,3337.4,8.796,0.0000,0.2259,0.0000,-27.87,14.70,96.78,3.49,100.000,0.000
9.05,3218.5,8.478,0.0000,0.2167,0.0000,-27.31,14.70,96.78,3.40,100.000,0.000
9.10,3099.9,8.160,0.0000,0.2079,0.0000,-26.75,14.70,96.78,3.30,100.000,0.000
9.15,2981.4,7.843,0.0000,0.1995,0.0000,-26.19,14.70,96.78,3.21,100.000,0.000
9.20,2863.2,7.526,0.0000,0.1913,0.0000,-25.63,14.70,96.78,3.11,100.000,0.000
9.25,2745.3,7.210,0.0000,0.1835,0.0000,-25.08,14.70,96.79,3.02,100.000,0.000
9.30,2627.5,6.895,0.0000,0.1760,0.0000,-24.52,14.70,96.79,2.93,100.000,0.000
9.35,2509.9,6.580,0.0000,0.1688,0.0000,-23.97,14.70,96.79,2.83,100.000,0.000
9.40,2392.6,6.265,0.0000,0.1620,0.0000,-23.41,14.70,96.79,2.74,100.000,0.000
9.45,2275.5,5.951,0.0000,0.1553,0.0000,-22.86,14.70,96.79,2.64,100.000,0.000
9.50,2158.6,5.638,0.0000,0.1490,0.0000,-22.31,14.70,96.80,2.55,100.000,0.000
9.55,2041.9,5.326,0.0000,0.1429,0.0000,-21.76,14.70,96.80,2.46,100.000,0.000
9.60,1925.4,5.014,0.0000,0.1371,0.0000,-21.21,14.70,96.80,2.36,100.000,0.000
9.65,1809.1,4.702,0.0000,0.1315,0.0000,-20.66,14.70,96.80,2.27,100.000,0.000
9.70,1693.0,4.391,0.0000,0.1261,0.0000,-20.11,14.70,96.81,2.18,100.000,0.000
9.75,1577.2,4.081,0.0000,0.1210,0.0000,-19.57,14.70,96.81,2.08,100.000,0.000
9.80,1461.5,3.771,0.0000,0.1160,0.0000,-19.02,14.70,96.81,1.99,100.000,0.000
9.85,1346.0,3.461,0.0000,0.1113,0.0000,-18.48,14.70,96.81,1.90,100.000,0.000
9.90,1230.8,3.153,0.0000,0.1068,0.0000,-17.94,14.70,96.81,1.81,100.000,0.000
9.95,1115.7,2.844,0.0000,0.1024,0.0000,-17.39,14.70,96.82,1.72,100.000,0.000
10.00,1014.9,2.522,0.0000,0.0982,0.0000,-16.88,14.70,96.82,1.63,100.000,0.000
